미루다;put off, postpone;숙제를 자꾸 미루다 보니 일이 많아졌어요.;I kept putting off my homework, and now I have a lot to do.;Conj: 미뤄요 · 미뤘어요 · 미룰 거예요 · 미루는 N · 미뤄서<br>Use: N을/를 미루다 · 약속을 미루다, 내일로 미루다<br>cf) 연기하다 = more formal (postpone an event);conversation 2026-10-12 day1
약속을 잡다;make plans, set up a meeting;이번 주말에 친구랑 약속을 잡았어요.;I made plans with a friend this weekend.;Conj: 잡아요 · 잡았어요 · 잡을 거예요 · 잡는 N · 잡아서<br>Use: N이랑/하고 약속을 잡다 · 날짜를 잡다, 일정을 잡다<br>cf) 약속이 있다 = already have plans;conversation 2026-10-12 day1
시간을 내다;make time;바쁘실 텐데 시간 내 주셔서 감사해요.;You must be busy, so thank you for making time.;Conj: 내요 · 냈어요 · 낼 거예요 · 내는 N · 내서<br>Use: 시간을 내다 · 시간 내 주셔서 감사해요 (very common thank-you);conversation 2026-10-12 day1
겹치다;overlap, clash (schedules);회의랑 수업 시간이 겹쳐서 하나는 못 가요.;My meeting and class overlap, so I can't go to one of them.;Conj: 겹쳐요 · 겹쳤어요 · 겹칠 거예요 · 겹치는 N · 겹쳐서<br>Use: N이/가 겹치다 · 일정이 겹치다, 약속이 겹치다;conversation 2026-10-12 day1
맞추다;match, adjust to, set (alarm);친구랑 일정을 맞추기가 쉽지 않아요.;It's not easy to match schedules with my friend.;Conj: 맞춰요 · 맞췄어요 · 맞출 거예요 · 맞추는 N · 맞춰서<br>Use: 일정을 맞추다 · 시간 맞춰서 가다 (arrive on time) · 알람을 맞추다<br>cf) 맞다 = to be correct/fit (no object);conversation 2026-10-12 day1
일정;schedule, itinerary;다음 주 일정이 어떻게 돼요?;What's your schedule like next week?;Use: 일정을 잡다/짜다 · 일정이 바쁘다 · 여행 일정<br>cf) 스케줄 = same, casual loanword;conversation 2026-10-12 day1
여유;spare time, room, leeway;요즘은 좀 여유가 생겼어요.;I've had a bit more free time lately.;Use: 여유가 있다/없다/생기다 · 시간 여유, 마음의 여유<br>여유롭다 = relaxed, leisurely (ㅂ irregular: 여유로워요);conversation 2026-10-12 day1
핑계;excuse;비가 오는 걸 핑계로 하루 종일 집에 있었어요.;I used the rain as an excuse to stay home all day.;Use: 핑계를 대다 = make an excuse · N을/를 핑계로 · 핑계 대지 마세요;conversation 2026-10-12 day1
막상;when it actually comes to it;막상 가 보니까 생각보다 재미있었어요.;When I actually went, it was more fun than I expected.;Adverb. Contrast between what you expected and what happened.<br>Use: 막상 V-(으)니까 / 막상 V-(으)려고 하니까;conversation 2026-10-12 day1
웬만하면;if possible, unless there's a good reason;웬만하면 주말에는 일 안 하려고 해요.;If I can help it, I try not to work on weekends.;Adverb. Softens a plan or request.<br>Use: 웬만하면 V-(으)려고 해요 · 웬만하면 V-(으)세요;conversation 2026-10-12 day1
귀찮다;be a hassle, can't be bothered;피곤해서 그런지 요리하기 귀찮아요.;Maybe because I'm tired, I can't be bothered to cook.;Conj: 귀찮아요 · 귀찮았어요 · 귀찮을 거예요 · 귀찮은 N · 귀찮아서<br>Use: V-기 귀찮다 · N이/가 귀찮다 · 귀찮게 하다 = bother someone;conversation 2026-10-12 day2
서운하다;hurt, disappointed (by someone close);친구가 제 생일을 잊어버려서 좀 서운했어요.;My friend forgot my birthday, so I felt a little hurt.;Conj: 서운해요 · 서운했어요 · 서운할 거예요 · 서운한 N · 서운해서<br>Use: N한테 서운하다<br>cf) 섭섭하다 = almost the same · 실망하다 = disappointed (more general);conversation 2026-10-12 day2
답답하다;frustrated, stifled, stuffy;말이 안 통해서 너무 답답했어요.;We couldn't understand each other, so it was really frustrating.;Conj: 답답해요 · 답답했어요 · 답답할 거예요 · 답답한 N · 답답해서<br>Use: 마음이 답답하다 (frustrated) · 방이 답답하다 (stuffy room);conversation 2026-10-12 day2
설레다;be excited, flutter (heart);내일 여행 가는데 벌써 설레요.;I'm going on a trip tomorrow and I'm already excited.;Conj: 설레요 · 설렜어요 · 설렐 거예요 · 설레는 N · 설레서<br>Use: 마음이 설레다 · 설레는 마음<br>cf) The dictionary form is 설레다, not 설레이다;conversation 2026-10-12 day2
억울하다;feel wronged, unfair;제가 안 했는데 혼나서 억울했어요.;I got scolded for something I didn't do, so it felt unfair.;Conj: 억울해요 · 억울했어요 · 억울할 거예요 · 억울한 N · 억울해서<br>Use: Said when you're blamed or treated unfairly · 억울한 일을 당하다;conversation 2026-10-12 day2
기분 전환;change of mood, refreshing yourself;기분 전환 겸 산책하러 갈까요?;Shall we go for a walk to clear our heads?;Use: 기분 전환하다 · 기분 전환 겸 N/V = partly to refresh yourself · 기분 전환이 되다;conversation 2026-10-12 day2
눈치;sense, reading the room;그 친구는 눈치가 정말 빨라요.;That friend is really quick to read the room.;Use: 눈치가 빠르다/없다 · 눈치를 보다 = watch others' reactions · 눈치 채다 = notice;conversation 2026-10-12 day2
짜증;annoyance, irritation;길이 너무 막혀서 짜증 났어요.;The traffic was so bad that I got annoyed.;Use: 짜증(이) 나다 = get annoyed · 짜증을 내다 = take it out on someone · 짜증나다 is often written as one word;conversation 2026-10-12 day2
그러게요;I know, right / tell me about it;그러게요, 오늘 진짜 덥네요.;I know, it's really hot today.;Expression. Agrees with what someone just said. Very common reply.<br>Casual: 그러게 · Also 그러게 말이에요;conversation 2026-10-12 day2
어쩐지;no wonder;오늘 세일이래요? 어쩐지 사람이 많더라고요.;There's a sale today? No wonder there were so many people.;Adverb. Said when you learn the reason for something you noticed.<br>Often with -더라고요 (#35) or -더라;conversation 2026-10-12 day2
치우다;clean up, clear away;손님이 오기 전에 방을 치워야 해요.;I have to clean up my room before the guests come.;Conj: 치워요 · 치웠어요 · 치울 거예요 · 치우는 N · 치워서<br>Use: 방을 치우다 · 상을 치우다 = clear the table<br>cf) 정리하다 = organize · 청소하다 = clean (dust, wipe);conversation 2026-10-12 day3
쌓이다;pile up, build up;바빠서 설거지가 많이 쌓였어요.;I've been busy, so the dishes have piled up.;Conj: 쌓여요 · 쌓였어요 · 쌓일 거예요 · 쌓이는 N · 쌓여서<br>Use: N이/가 쌓이다 · 스트레스가 쌓이다, 일이 쌓이다<br>cf) 쌓다 = to stack (takes an object);conversation 2026-10-12 day3
고장 나다;break down, be broken;세탁기가 고장 나서 빨래를 못 했어요.;The washing machine broke, so I couldn't do laundry.;Conj: 고장 나요 · 고장 났어요 · 고장 날 거예요 · 고장 난 N · 고장 나서<br>Use: N이/가 고장 나다 (machines) · 고치다 = fix<br>cf) 깨지다 = break (glass, plates);conversation 2026-10-12 day3
갈다;replace, change (bulb, water);화장실 전구가 나가서 새 걸로 갈았어요.;The bathroom bulb went out, so I replaced it with a new one.;Conj: 갈아요 · 갈았어요 · 갈 거예요 · 가는 N · 갈아서 (ㄹ irregular)<br>Use: 전구를 갈다, 물을 갈다 · 갈아타다 = transfer (subway)<br>cf) 바꾸다 = change (general);conversation 2026-10-12 day3
개다;fold (laundry, blankets);빨래 개는 게 제일 귀찮아요.;Folding laundry is the most annoying chore.;Conj: 개요 · 갰어요 · 갤 거예요 · 개는 N · 개서<br>Use: 빨래를 개다, 이불을 개다<br>cf) 접다 = fold (paper);conversation 2026-10-12 day3
곰팡이;mold;물이 새서 벽에 곰팡이가 생겼어요.;Water leaked, so mold grew on the wall.;Use: 곰팡이가 생기다/피다 · 곰팡이 냄새;conversation 2026-10-12 day3
집안일;housework, chores;저희는 집안일을 반씩 나눠서 해요.;We split the housework half and half.;Use: 집안일을 하다/돕다/나누다<br>cf) 가사 = formal word for housework;conversation 2026-10-12 day3
관리비;apartment maintenance fee;이번 달 관리비가 생각보다 많이 나왔어요.;This month's maintenance fee came out higher than I expected.;Use: 관리비가 나오다 = the bill comes · 관리비를 내다 · 월세 + 관리비;conversation 2026-10-12 day3
대충;roughly, half-heartedly;시간이 없어서 아침은 대충 먹었어요.;I didn't have time, so I just ate something quick for breakfast.;Adverb. Use: 대충 하다/먹다/알다 · 대충 몇 시? = roughly what time?;conversation 2026-10-12 day3
엉망;mess, wreck;이사하고 나서 집이 완전 엉망이에요.;After moving, my place is a complete mess.;Use: 엉망이다 · 엉망이 되다 · 엉망진창 = total chaos (casual);conversation 2026-10-12 day3
맡다;take on, be in charge of;이번 프로젝트는 제가 맡게 됐어요.;I ended up being in charge of this project.;Conj: 맡아요 · 맡았어요 · 맡을 거예요 · 맡는 N · 맡아서<br>Use: 일을 맡다, 역할을 맡다 · also 냄새를 맡다 = smell;conversation 2026-10-12 day4
지치다;be worn out, exhausted;일주일 내내 야근해서 완전히 지쳤어요.;I worked late all week, so I'm completely worn out.;Conj: 지쳐요 · 지쳤어요 · 지칠 거예요 · 지친 N · 지쳐서<br>Use: N에 지치다 · 일에 지치다<br>cf) 피곤하다 = tired · 지치다 = drained;conversation 2026-10-12 day4
밀리다;pile up (work), be backed up (traffic);밀린 숙제를 주말에 다 했어요.;I did all my backed-up homework over the weekend.;Conj: 밀려요 · 밀렸어요 · 밀릴 거예요 · 밀린 N · 밀려서<br>Use: 일이 밀리다 · 밀린 N = overdue N · 차가 밀리다 = traffic is backed up;conversation 2026-10-12 day4
집중하다;concentrate, focus;카페가 시끄러워서 집중이 안 돼요.;The café is noisy, so I can't concentrate.;Conj: 집중해요 · 집중했어요 · 집중할 거예요 · 집중하는 N · 집중해서<br>Use: N에 집중하다 · 집중이 안 되다 = can't focus;conversation 2026-10-12 day4
버티다;hold out, get by;요즘 커피로 버티고 있어요.;These days I'm getting by on coffee.;Conj: 버텨요 · 버텼어요 · 버틸 거예요 · 버티는 N · 버텨서<br>Use: N(으)로 버티다 · 끝까지 버티다<br>cf) 참다 = hold back, endure (feelings, pain);conversation 2026-10-12 day4
마감;deadline;내일이 마감이라서 오늘 늦게까지 일해야 해요.;Tomorrow is the deadline, so I have to work late today.;Use: 마감일 · 마감이 다가오다 · 마감하다 = close (shop), end<br>cf) 기한 = time limit (more formal);conversation 2026-10-12 day4
야근;overtime, working late;이번 주에는 야근을 세 번이나 했어요.;I worked late three times this week.;Use: 야근하다 · 야근이 많다<br>cf) 칼퇴근 = leaving right on time (slang);conversation 2026-10-12 day4
동료;coworker, colleague;회사 동료들이랑 점심을 같이 먹어요.;I eat lunch with my coworkers.;Use: 직장 동료, 회사 동료<br>cf) 동기 = someone who started at the same time;conversation 2026-10-12 day4
겨우;barely, only just;늦게 일어나서 겨우 버스를 탔어요.;I woke up late and barely caught the bus.;Adverb. Use: 겨우 V-았/었어요 = barely managed · 겨우 N = only N (겨우 만 원);conversation 2026-10-12 day4
은근히;kind of, more than you'd think;이 일 은근히 힘들더라고요.;This job is surprisingly tough.;Adverb. Something is quietly or unexpectedly so. Very common in speech.<br>Often with -더라고요 (#35);conversation 2026-10-12 day4
붐비다;be crowded;주말이라서 그런지 식당이 엄청 붐볐어요.;Maybe because it was the weekend, the restaurant was really crowded.;Conj: 붐벼요 · 붐볐어요 · 붐빌 거예요 · 붐비는 N · 붐벼서<br>Use: N이/가 붐비다 · 사람들로 붐비다<br>cf) 사람이 많다 = more casual way to say it;conversation 2026-10-12 day5
줄을 서다;stand in line;맛집이라서 한 시간이나 줄을 섰어요.;It's a popular place, so we waited in line for a whole hour.;Conj: 서요 · 섰어요 · 설 거예요 · 서는 N · 서서<br>Use: 줄을 서다 · 줄이 길다 · 줄 서서 기다리다;conversation 2026-10-12 day5
시키다;order (food), make someone do;오늘은 귀찮은데 치킨 시켜 먹을까요?;I can't be bothered today, shall we order chicken?;Conj: 시켜요 · 시켰어요 · 시킬 거예요 · 시키는 N · 시켜서<br>Use: 음식을 시키다 · 배달을 시키다 · N한테 일을 시키다<br>cf) 주문하다 = order (more formal);conversation 2026-10-12 day5
배부르다;be full (stomach);너무 많이 먹어서 배불러 죽겠어요.;I ate so much I'm stuffed.;Conj: 배불러요 · 배불렀어요 · 배부를 거예요 · 배부른 N · 배불러서 (르 irregular)<br>Use: 배불러 죽겠어요 = I'm stuffed · 배가 부르다 also common;conversation 2026-10-12 day5
느끼하다;greasy, rich, too oily;피자가 좀 느끼해서 콜라를 마셨어요.;The pizza was a bit greasy, so I had a coke.;Conj: 느끼해요 · 느끼했어요 · 느끼할 거예요 · 느끼한 N · 느끼해서<br>Use: 음식이 느끼하다 · also 말이 느끼하다 = cheesy, slimy (person);conversation 2026-10-12 day5
입맛;appetite, taste;한국 음식이 입맛에 맞아요?;Does Korean food suit your taste?;Use: 입맛이 없다 = no appetite · 입맛에 맞다 = suits your taste<br>cf) 취향 = taste in general (style, hobbies);conversation 2026-10-12 day5
단골;regular customer, regular spot;여기는 제 단골 카페예요.;This is my regular café.;Use: 단골 가게, 단골손님 · 단골이 되다;conversation 2026-10-12 day5
맛집;popular good restaurant;이 동네에 맛집 아는 데 있어요?;Do you know any good restaurants in this neighborhood?;Use: 맛집을 찾다 · 유명한 맛집 · 맛집 투어;conversation 2026-10-12 day5
한턱내다;treat everyone (pay);승진해서 오늘은 제가 한턱낼게요.;I got promoted, so today's on me.;Conj: 한턱내요 · 한턱냈어요 · 한턱낼게요 · 한턱내는 N · 한턱내서<br>Use: Said when celebrating something · cf) 쏘다 = treat (slang: 제가 쏠게요);conversation 2026-10-12 day5
실컷;to your heart's content;주말에 실컷 자고 싶어요.;I want to sleep as much as I want this weekend.;Adverb. Use: 실컷 자다/먹다/놀다/울다;conversation 2026-10-12 day5
붓다;swell, be puffy;어제 라면 먹고 자서 얼굴이 많이 부었어요.;I ate ramen before bed last night, so my face is really puffy.;Conj: 부어요 · 부었어요 · 부을 거예요 · 부은 N · 부어서 (ㅅ irregular)<br>Use: 얼굴이 붓다, 다리가 붓다 · also 붓다 = pour (물을 붓다);conversation 2026-10-12 day6
뻐근하다;stiff, achy;하루 종일 앉아 있어서 어깨가 뻐근해요.;I sat all day, so my shoulders are stiff.;Conj: 뻐근해요 · 뻐근했어요 · 뻐근할 거예요 · 뻐근한 N · 뻐근해서<br>Use: 어깨가/목이/허리가 뻐근하다<br>cf) 아프다 = hurts (stronger);conversation 2026-10-12 day6
체하다;have indigestion, food gets stuck;너무 빨리 먹어서 체한 것 같아요.;I ate too fast, so I think I have indigestion.;Conj: 체해요 · 체했어요 · 체할 거예요 · 체한 N · 체해서<br>Use: 급하게 먹다가 체하다 · Common complaint in Korea, often treated with 소화제;conversation 2026-10-12 day6
무리하다;overdo it, push too hard;감기 걸렸으면 무리하지 마세요.;If you have a cold, don't push yourself.;Conj: 무리해요 · 무리했어요 · 무리할 거예요 · 무리하는 N · 무리해서<br>Use: 무리하지 마세요 = take it easy · 무리예요 = that's too much, impossible;conversation 2026-10-12 day6
낫다;get better, recover / be better;약을 먹고 푹 자서 많이 나았어요.;I took medicine and slept well, so I got a lot better.;Conj: 나아요 · 나았어요 · 나을 거예요 · 낫는 N · 나아서 (ㅅ irregular)<br>Use: 감기가 낫다 · 빨리 나으세요 = get well soon · also A: 이게 더 나아요 = this is better;conversation 2026-10-12 day6
몸살;body aches (from fatigue or cold);어제부터 몸살 기운이 있어요.;I've felt achy and run down since yesterday.;Use: 몸살이 나다 · 몸살 기운이 있다 = feel like you're coming down with something;conversation 2026-10-12 day6
소화;digestion;저녁을 늦게 먹어서 소화가 안 돼요.;I ate dinner late, so I can't digest it.;Use: 소화가 잘 되다/안 되다 · 소화제 = digestive medicine · 소화하다;conversation 2026-10-12 day6
컨디션;how you feel, condition;오늘 컨디션이 별로 안 좋아요.;I'm not feeling great today.;Use: 컨디션이 좋다/안 좋다 · 컨디션 관리 = taking care of yourself;conversation 2026-10-12 day6
푹;soundly, fully (rest, sleep);주말에는 집에서 푹 쉬었어요.;I rested well at home over the weekend.;Adverb. Use: 푹 쉬다, 푹 자다 · 푹 쉬세요 = get some good rest;conversation 2026-10-12 day6
덕분에;thanks to;걱정해 주신 덕분에 다 나았어요.;Thanks to your concern, I'm all better.;Use: N 덕분에 · V-(으)ㄴ 덕분에 · 덕분에요 = thanks to you (reply)<br>cf) -(으)ㄴ 탓에 (#7) = because of (bad result);conversation 2026-10-12 day6
아끼다;save, use sparingly, cherish;요즘 돈을 아끼려고 도시락을 싸 와요.;These days I bring a packed lunch to save money.;Conj: 아껴요 · 아꼈어요 · 아낄 거예요 · 아끼는 N · 아껴서<br>Use: 돈을/시간을 아끼다 · 아끼는 물건 = treasured item;conversation 2026-10-12 day7
낭비하다;waste;쓸데없는 데 돈을 낭비하지 마세요.;Don't waste money on useless things.;Conj: 낭비해요 · 낭비했어요 · 낭비할 거예요 · 낭비하는 N · 낭비해서<br>Use: N을/를 낭비하다 · 시간 낭비 = waste of time;conversation 2026-10-12 day7
모으다;save up, collect, gather;여행 가려고 돈을 모으고 있어요.;I'm saving up money to go on a trip.;Conj: 모아요 · 모았어요 · 모을 거예요 · 모으는 N · 모아서 (ㅡ drops)<br>Use: 돈을 모으다 · 사람들을 모으다<br>cf) 모이다 = gather (no object);conversation 2026-10-12 day7
들다;cost, take (money, time, effort);이사하는 데 돈이 많이 들었어요.;Moving cost a lot of money.;Conj: 들어요 · 들었어요 · 들 거예요 · 드는 N · 들어서 (ㄹ irregular)<br>Use: V-는 데 돈이/시간이 들다 · 힘이 들다 = be hard;conversation 2026-10-12 day7
저렴하다;inexpensive, reasonably priced;여기는 다른 데보다 가격이 저렴한 편이에요.;Prices here are on the cheaper side compared to other places.;Conj: 저렴해요 · 저렴했어요 · 저렴할 거예요 · 저렴한 N · 저렴해서<br>cf) 싸다 = cheap (more casual) · 저렴하다 sounds more polite;conversation 2026-10-12 day7
아깝다;wasteful, a shame;영화가 너무 재미없어서 돈이 아까웠어요.;The movie was so boring that it felt like a waste of money.;Conj: 아까워요 · 아까웠어요 · 아까울 거예요 · 아까운 N · 아까워서 (ㅂ irregular)<br>Use: 돈이/시간이 아깝다 · 버리기 아깝다 = too good to throw away;conversation 2026-10-12 day7
할인;discount;학생은 20% 할인 받을 수 있어요.;Students can get a 20% discount.;Use: 할인을 받다 · 할인하다 · 할인 쿠폰<br>cf) 세일 = sale (event);conversation 2026-10-12 day7
영수증;receipt;환불하려면 영수증이 필요해요.;You need a receipt to get a refund.;Use: 영수증을 받다/챙기다 · 영수증 드릴까요? = do you want the receipt?;conversation 2026-10-12 day7
환불;refund;사이즈가 안 맞아서 환불받았어요.;The size didn't fit, so I got a refund.;Use: 환불하다 · 환불받다 · 환불이 안 되다<br>cf) 교환 = exchange;conversation 2026-10-12 day7
괜히;for no reason, needlessly;괜히 샀어요. 그냥 싼 걸 살걸 그랬어요.;I shouldn't have bought it. I should have just bought the cheap one.;Adverb. Use: 괜히 V-았/었어요 = regret doing something pointless<br>Pairs well with -(으)ㄹ걸 그랬다 (#40);conversation 2026-10-12 day7
